0.011561095295766093,1.7630022715531723e-116,1.1959392516070403e-115,2.0460288135360317e-116,4.278158285964836e-116,1.373277613626821e-115,0.0,0.030510133308791328,0.005722363267141428,0.01866448043408682,0.04169073292710318,0.02961606242791266,0.0,0.01868147783559239,0.017660831989575174,0.0,0.037780882286825246,0.03668546025986816,0.03668546025986816,0.03498791318762716,0.03237422597045428,0.02837607967990464,0.0223000674267611,0.03668546025986815,0.0,0.0,0.0,0.03498791318762715,0.037780882286825246,0.03237422597045427,0.028376079679904635,0.02837607967990464,0.0223000674267611,0.03571751970386121,0.034062410264828785,0.03151505724397254,0.027619920406522096,0.034062410264828785,0.03151505724397254,0.027619920406522096,0.0,0.0007909279106032958,0.0003954639553016479,0.010385406601828464,0.0007507589711982268,0.006256324759985223,0.0013109938362184344,0.0011507192390100701,0.00036563887062638386,0.0013622481575469472,0.005714559430188525,0.0,0.00012217536133161738,0.001020645846017217,0.0,0.0,0.004381688107828348,0.01018528243344598,0.0,0.013068436085864422,0.01599258516219853,0.012152024506287083,0.0,0.00509264121672299,0.0074791400690877585,0.00983282956250515,0.0,0.005227374434345769,0.008763376215656695,0.003998146290549633,0.0,0.0,0.0,0.009930656634194505,0.0050947060417124755,0.0038951368374504467,0.0,0.0050947060417124755,0.0038951368374504467,0.0
5.32190780235428e-229,0.011561095295766098,1.2162358935580407e-115,1.2596543024990482e-115,1.4622291426234675e-114,2.639080796334465e-115,0.0,0.11382681199001206,0.056065130625197725,0.03585201703955078,0.02862491150805579,0.11212550281218828,0.0,0.03439970877114161,0.032749660493808,0.0,0.025948732106651436,0.025210704985977883,0.025210704985977883,0.024066308232583735,0.0223032315806894,0.019604635341797187,0.01550109798494768,0.02521070498597788,0.0,0.0,0.0,0.02406630823258373,0.025948732106651436,0.022303231580689396,0.019604635341797183,0.019604635341797187,0.01550109798494768,0.02454527237032774,0.02342948483223006,0.021711154266240585,0.019082085478947845,0.02342948483223006,0.021711154266240585,0.019082085478947845,0.0,6.330319860653775e-116,0.005505565788786999,0.00698848415478622,2.42367552271403e-123,2.460786799237193e-122,0.002474814858808447,0.0021896800849861876,0.0014705455655274827,0.002197695041345023,0.003847764696195829,0.0,0.0017117228618500398,0.001650048277333615,0.0,0.0,0.0029521084826942155,0.0068663805203648745,0.0,0.008815383259471673,0.010794384955568859,0.00820707471369901,0.0,0.0034331902601824373,0.00503897865340194,0.006620705395843583,0.0,0.0035261533037886698,0.005904216965388431,0.0026985962388922148,0.0,0.0,0.0,0.006694725228586072,0.0034366611319789474,0.0026290687872927406,0.0,0.0034366611319789474,0.0026290687872927406,0.0
3.5501366581594934e-228,1.5799991126294898e-116,0.011561095295766098,6.77466992934463e-116,4.330575454480842e-228,4.7713162974681755e-115,0.0,0.032805956289509774,0.06828671569495216,0.03951584832416379,0.03601178075340504,0.03221464087222169,0.0,0.03847798719927205,0.037297053240148106,0.0,0.032824022071566934,0.03223553184031827,0.03223553184031827,0.03131741912364628,0.029894231094318515,0.027702333988953585,0.02434842331854035,0.032235531840318264,0.0,0.0,0.0,0.03131741912364628,0.032824022071566934,0.02989423109431851,0.027702333988953578,0.027702333988953585,0.02434842331854035,0.03137354109980548,0.030478380636624065,0.029091312474093155,0.026955888070241674,0.030478380636624065,0.029091312474093155,0.026955888070241674,0.0,1.4108286334218393e-123,4.1441266183376137e-116,0.005505565788786999,2.3054019431524074e-229,1.9503273452830753e-122,0.0008603400352234414,0.0007610560208916729,0.0009885695011049792,0.00156492993661988,0.0030495940190884484,0.0,0.0015015179423964542,0.0011809339591239395,0.0,0.0,0.00235396092499466,0.005508676300031933,0.0,0.007115940146638829,0.008767588421459731,0.006707821340826462,0.0,0.0027543381500159665,0.0040179955857059255,0.0052473228410440265,0.0,0.0028463760586555312,0.00470792184998932,0.002191897105364933,0.0,0.0,0.0,0.0053709627790884855,0.00277413632506182,0.0021354244038514795,0.0,0.00277413632506182,0.0021354244038514795,0.0
4.838098002140254e-230,1.1273302267614316e-115,1.1056689941436732e-116,0.011561095295766084,1.3292992205667885e-115,2.3991643603040592e-116,0.0,0.0020976391465329374,0.006187638767804692,0.02424735048720463,0.002602264682550526,0.0020372913945801594,0.0,0.024995253273595412,0.024473881978598178,0.0,0.037410112109382436,0.036947554779474104,0.036947554779474104,0.036222535630364844,0.03509335283254762,0.0333459532237821,0.03065927579418065,0.036947554779474104,0.0,0.0,0.0,0.036222535630364844,0.037410112109382436,0.035093352832547615,0.033345953223782095,0.0333459532237821,0.03065927579418065,0.051912729729345915,0.05091854982111998,0.049370127293463385,0.04697392152166082,0.05091854982111998,0.049370127293463385,0.04697392152166082,0.0,5.7548360119262536e-117,0.0005005059807988174,0.0006353167413442012,2.2033413842854797e-124,2.237078908397447e-123,8.848153785563558e-05,7.767093268357299e-05,0.00010135208082483268,0.0006885107561423315,0.003352832675356163,0.0,0.00015561116925909434,0.0005213712949972336,0.0,0.0,0.001850229319633338,0.004350114894655556,0.0,0.0056459139890861435,0.00698959843506208,0.005373354859202893,0.0,0.002175057447327778,0.004439829993024869,0.004105424174304775,0.0,0.002258365595634458,0.003700458639266676,0.00174739960876552,0.0,0.0,0.0,0.005965079449355656,0.003096845055313187,0.002396205771802562,0.0,0.003096845055313187,0.002396205771802562,0.0
1.4151222413785126e-228,1.4799435614088606e-114,1.437369692386775e-115,1.488682357498875e-115,0.011561095295766096,3.1189136683952765e-115,0.0,0.05723872771058192,0.059699459594412134,0.036331703446515984,0.03382944087315684,0.055911165490991316,0.0,0.03496109439702584,0.03320117676461496,0.0,0.03066668339876987,0.02979446952888295,0.02979446952888295,0.028442000638508047,0.026358364595360197,0.023169114494851217,0.018319479436756346,0.02979446952888294,0.0,0.0,0.0,0.028442000638508044,0.03066668339876987,0.02635836459536019,0.023169114494851213,0.023169114494851217,0.018319479436756346,0.029008049164932777,0.027689391165362794,0.025658636860102505,0.02255155556602927,0.027689391165362794,0.025658636860102505,0.022551555566029266,0.0,0.000500505980798818,0.006506577750384631,0.008259117637474622,7.210294320538206e-123,2.908202580916682e-122,0.0019411879027265593,0.0017086468419198002,0.0015025592025916187,0.002347781659975726,0.004547358277322341,0.0,0.0020229452003682276,0.00175991763241088,0.0,0.0,0.003488855479547709,0.008114813342249396,0.0,0.010418180215739245,0.012757000402035918,0.00969927011618974,0.0,0.004057406671124698,0.00595515659038411,0.007824470013269684,0.0,0.0041672720862956985,0.006977710959095418,0.00318925010050898,0.0,0.0,0.0,0.007911947997419903,0.0040615086105205735,0.003107081294073238,0.0,0.0040615086105205735,0.003107081294073238,0.0
4.1068176724860734e-228,1.6909953401421474e-115,4.937166646589727e-115,9.416198968572144e-116,1.993948830850183e-115,0.011561095295766093,0.0,0.003146458719799407,0.007863449137074752,0.0195201998332818,0.044825875152695156,0.003055937091870239,0.0,0.01987232362211256,0.019233491825128953,0.0,0.040838488550414886,0.04006910958935865,0.04006910958935865,0.03886974558131401,0.03701206691363778,0.03415328435223778,0.02978244895083417,0.04006910958935865,0.0,0.0,0.0,0.03886974558131401,0.040838488550414886,0.03701206691363777,0.03415328435223777,0.03415328435223778,0.02978244895083417,0.03899883384573273,0.037829453200558714,0.036018921575047755,0.03323379355422206,0.037829453200558714,0.036018921575047755,0.03323379355422206,0.0,8.63225401788938e-117,0.0007507589711982268,0.007209299872001525,3.305012076428221e-124,2.551842910444928e-122,0.00013272230678345343,0.00011650639902535948,0.0001520281212372491,0.0008480576851113731,0.003990142934809029,0.0,0.00023341675388864163,0.0006388317969836109,0.0,0.0,0.0030775158442249598,0.00719618404826786,0.0,0.009288393338381164,0.011435130245599992,0.008741670802807206,0.0,0.00359809202413393,0.005253037527402451,0.006865690327892335,0.0,0.0037153573353524674,0.0061550316884499195,0.002858782561399999,0.0,0.0,0.0,0.007016283871044106,0.003621063251021923,0.0027851280208256914,0.0,0.003621063251021923,0.0027851280208256914,0.0
0.0,0.0,0.0,0.0,0.0,0.0,1.0,0.0,0.0,0.0,0.0,0.0,0.0,0.0,0.0,0.0,0.0,0.0,0.0,0.0,0.0,0.0,0.0,0.0,0.0,0.0,0.0,0.0,0.0,0.0,0.0,0.0,0.0,0.0,0.0,0.0,0.0,0.0,0.0,0.0,0.0,0.0,0.0,0.0,0.0,0.0,0.0,0.0,0.0,0.0,0.0,0.0,0.0,0.0,0.0,0.0,0.0,0.0,0.0,0.0,0.0,0.0,0.0,0.0,0.0,0.0,0.0,0.0,0.0,0.0,0.0,0.0,0.0,0.0,0.0,0.0,0.0,0.0,0.0,0.0
0.0,2.2198884417314903e-233,0.0,0.0,0.0,0.0,0.0,1.0,4.500558665945187e-121,4.183349394208095e-121,2.245774716625977e-233,5.1434581362000745e-120,0.0,4.02474228644123e-121,4.0247150010100155e-121,0.0,1.9868855206397515e-233,1.845174219035185e-233,1.845174219035185e-233,1.6254344592420785e-233,1.2869042454893178e-233,7.690339136121024e-234,0.0,1.8451742190351848e-233,0.0,0.0,0.0,1.6254344592420785e-233,1.9868855206397515e-233,1.2869042454893173e-233,7.69033913612102e-234,7.690339136121024e-234,0.0,1.7977284806152427e-233,1.5834820794181616e-233,1.2535435879749817e-233,7.490144155116842e-234,1.5834820794181616e-233,1.2535435879749817e-233,7.490144155116842e-234,0.0,7.001910032241084e-248,1.0571439424251818e-233,1.3418845536243938e-233,0.0,0.0,6.046985683193636e-129,3.777103513170302e-128,7.040808535342006e-128,5.1784902568147745e-127,7.388234553506894e-234,0.0,3.2867420423789356e-234,2.728543121391895e-126,0.0,0.0,5.668452064182653e-234,1.3184385587586377e-233,0.0,1.6926510687638041e-233,2.0714813275088617e-233,1.5380678272242047e-233,0.0,6.592192793793188e-234,9.675528225885509e-234,1.2712660008156445e-233,0.0,6.770604275055218e-234,1.1336904128365306e-233,5.178703318772155e-234,0.0,0.0,0.0,1.285478407182489e-233,6.598769828863595e-234,5.045291724632975e-234,0.0,6.598769828863595e-234,5.045291724632975e-234,0.0
0.0,1.96386525499258e-234,2.6634872878816782e-233,0.0,0.0,0.0,0.0,1.854494622442656e-120,1.0,1.5345637618308269e-120,4.11836742454084e-233,2.5720528751004975e-120,0.0,1.9340767867581937e-120,1.9340654602827833e-120,0.0,3.7106829299815045e-233,3.562567656769715e-233,3.562567656769715e-233,3.331610056307202e-233,2.9737973646681494e-233,2.423973601506891e-233,1.644010550622529e-233,3.562567656769714e-233,0.0,0.0,0.0,3.331610056307202e-233,3.7106829299815045e-233,2.973797364668149e-233,2.423973601506891e-233,2.423973601506891e-233,1.644010550622529e-233,3.499834552240907e-233,3.2746507485403883e-233,2.92591909581228e-233,2.3902555090278723e-233,3.2746507485403883e-233,2.92591909581228e-233,2.3902555090278723e-233,0.0,2.7547574815972473e-247,9.352218872888452e-235,1.387104612686247e-233,0.0,0.0,2.4010152969320126e-128,1.4905178479603866e-127,2.972807059489415e-127,2.168219020745844e-126,7.679379686916104e-234,0.0,5.967458683617456e-129,1.1326475410329733e-125,0.0,0.0,5.924610928471612e-234,1.3857456027750748e-233,0.0,1.7890634581952635e-233,2.1992950526450323e-233,1.5599261017687242e-233,0.0,6.928728013875374e-234,1.0112767934220304e-233,1.3213622594961141e-233,0.0,7.156253832781054e-234,1.1849221856943223e-233,5.498237631612581e-234,0.0,0.0,0.0,1.35110282220311e-233,6.974633054562161e-234,5.356635867844083e-234,0.0,6.974633054562161e-234,5.356635867844083e-234,0.0
0.0,0.0,0.0,1.1149993378597766e-233,0.0,0.0,0.0,1.7129052415025875e-234,7.740619945202086e-122,1.0,4.056910841172657e-234,2.0357879857009606e-234,0.0,9.517031762460292e-121,9.5170311928281e-121,0.0,1.7773739039009684e-233,1.7327629822849739e-233,1.7327629822849739e-233,1.662839171829842e-233,1.5539363589154e-233,1.3854226067201475e-233,1.127109310362378e-233,1.7327629822849734e-233,0.0,0.0,0.0,1.6628391718298416e-233,1.7773739039009686e-233,1.5539363589153998e-233,1.385422606720147e-233,1.3854226067201475e-233,1.127109310362378e-233,1.2916520841779737e-120,1.2916520036945806e-120,1.2916511293086443e-120,1.2916417242977248e-120,1.2916520036945806e-120,1.2916511293086443e-120,1.2916417242977248e-120,0.0,0.0,4.8270844838538846e-235,6.1272546225498305e-235,0.0,0.0,8.533521572186293e-236,7.490902518450471e-236,5.289430872557465e-130,1.0693189376711407e-128,5.5180425959378905e-129,0.0,1.5007777917919559e-235,5.696321920154077e-128,0.0,0.0,1.7844368646397948e-234,4.195428627307905e-234,0.0,5.445140645722096e-234,6.740550087810109e-234,5.166265927155392e-234,0.0,2.0977143136539524e-234,5.134127443230891e-128,3.95943906590449e-234,0.0,2.1780562582888387e-234,3.5688737292795895e-234,1.6851375219525272e-234,0.0,0.0,0.0,4.829003583168529e-127,1.7487718727689128e-126,9.405010919595858e-126,0.0,1.7487718727689128e-126,9.405010919595858e-126,0.0
0.0,0.0,1.4668243763719548e-232,2.367599832834649e-233,0.0,1.6668458822408573e-232,0.0,2.2267076141525203e-232,1.8442627956298815e-121,2.1920888077380336e-120,1.0,2.137396923926837e-232,0.0,2.3034893055928776e-120,2.303487690341463e-120,0.0,5.229097773075532e-120,5.2290974273987496e-120,5.2290974273987496e-120,5.229093704147046e-120,5.229053999636913e-120,5.228634798327478e-120,5.2242528136965e-120,5.2290974273987496e-120,0.0,0.0,0.0,5.229093704147045e-120,5.229097773075532e-120,5.229053999636912e-120,5.2286347983274774e-120,5.228634798327478e-120,5.2242528136965e-120,5.0863125849211124e-120,5.086308954748412e-120,5.0862702579207406e-120,5.085861857040926e-120,5.086308954748412e-120,5.0862702579207406e-120,5.085861857040926e-120,0.0,0.0,1.1849217157181406e-233,6.711788204646825e-128,0.0,1.6534115234116851e-246,1.3010395771420298e-233,1.14947854459905e-233,1.494202167176188e-233,3.0990128568811347e-127,2.5853269734862646e-127,0.0,2.2734657098818066e-233,1.6152514143611933e-126,0.0,0.0,1.3827071277496696e-126,2.2339510226280933e-125,0.0,1.9852255066696593e-124,1.676805237738203e-123,8.763969261955858e-123,0.0,1.1169755113140466e-125,2.360154357972146e-126,4.44847582813555e-127,0.0,7.940902026678638e-125,2.7654142554993392e-126,4.192013094345509e-124,0.0,0.0,0.0,2.1781036204237657e-125,7.739365534282764e-125,4.084008798141081e-124,0.0,7.739365534282764e-125,4.084008798141081e-124,0.0
0.0,0.0,0.0,0.0,0.0,0.0,0.0,3.2013546980292896e-234,7.797185066710665e-122,7.23981993841214e-122,0.0,1.0,0.0,6.961137007721649e-122,6.961132890305454e-122,0.0,0.0,0.0,0.0,0.0,0.0,0.0,0.0,0.0,0.0,0.0,0.0,0.0,0.0,0.0,0.0,0.0,0.0,1.051976485581587e-237,1.051976437071257e-237,1.0519730890130395e-237,1.0517443173857973e-237,1.051976437071257e-237,1.0519730890130395e-237,1.0517443173857973e-237,0.0,0.0,0.0,0.0,0.0,0.0,6.273829914010411e-247,5.39392669859505e-130,1.0241341582743612e-129,7.672202634947287e-129,8.275870180595573e-248,0.0,2.4287293255748536e-248,4.117416194267438e-128,0.0,0.0,0.0,0.0,0.0,0.0,0.0,0.0,0.0,0.0,4.873289703158805e-246,0.0,0.0,0.0,0.0,0.0,0.0,0.0,0.0,2.9106197827430268e-244,6.69611643510191e-243,2.2877162724229586e-241,0.0,6.69611643510191e-243,2.2877162724229586e-241,0.0
0.0,0.0,0.0,0.0,0.0,0.0,0.0,0.0,0.0,0.0,0.0,0.0,1.0,0.0,0.0,0.0,0.0,0.0,0.0,0.0,0.0,0.0,0.0,0.0,0.0,0.0,0.0,0.0,0.0,0.0,0.0,0.0,0.0,0.0,0.0,0.0,0.0,0.0,0.0,0.0,0.0,0.0,0.0,0.0,0.0,0.0,0.0,0.0,0.0,0.0,0.0,0.0,0.0,0.0,0.0,0.0,0.0,0.0,0.0,0.0,0.0,0.0,0.0,0.0,0.0,0.0,0.0,0.0,0.0,0.0,0.0,0.0,0.0,0.0,0.0,0.0,0.0,0.0,0.0,0.0
0.0,0.0,0.0,0.0,0.0,0.0,0.0,7.39141364255667e-244,4.6251810056303174e-122,2.18418395715219e-235,0.0,1.0219348965423581e-243,0.0,1.0,5.598093858747123e-121,0.0,0.0,0.0,0.0,0.0,0.0,0.0,0.0,0.0,0.0,0.0,0.0,0.0,0.0,0.0,0.0,0.0,0.0,3.458505398192749e-235,3.458505398157843e-235,3.4585053957292726e-235,3.458505228449411e-235,3.458505398157843e-235,3.4585053957292726e-235,3.458505228449411e-235,0.0,0.0,0.0,0.0,0.0,0.0,1.1105129718834882e-249,6.893910474925096e-249,1.413392203076893e-248,5.39392669859505e-130,5.835036375802062e-249,0.0,2.7600576428411117e-250,2.91713271493101e-129,0.0,0.0,0.0,0.0,0.0,0.0,0.0,0.0,0.0,0.0,3.4769717627084587e-247,0.0,0.0,0.0,0.0,0.0,0.0,0.0,0.0,2.094378030467454e-245,4.8571406288833295e-244,1.6727986173526363e-242,0.0,4.8571406288833295e-244,1.6727986173526363e-242,0.0
0.0,0.0,0.0,0.0,0.0,0.0,0.0,0.0,5.236894433042712e-238,0.0,0.0,0.0,0.0,6.429444395033465e-237,1.0,0.0,0.0,0.0,0.0,0.0,0.0,0.0,0.0,0.0,0.0,0.0,0.0,0.0,0.0,0.0,0.0,0.0,0.0,0.0,0.0,0.0,0.0,0.0,0.0,0.0,0.0,0.0,0.0,0.0,0.0,0.0,0.0,0.0,0.0,2.0920470775998733e-251,0.0,0.0,0.0,4.763612891042998e-131,0.0,0.0,0.0,0.0,0.0,0.0,0.0,0.0,0.0,0.0,0.0,0.0,0.0,0.0,0.0,0.0,0.0,0.0,0.0,0.0,0.0,0.0,0.0,0.0,0.0,0.0
0.0,0.0,0.0,0.0,0.0,0.0,0.0,0.0,0.0,0.0,0.0,0.0,0.0,0.0,0.0,1.0,0.0,0.0,0.0,0.0,0.0,0.0,0.0,0.0,0.0,0.0,0.0,0.0,0.0,0.0,0.0,0.0,0.0,0.0,0.0,0.0,0.0,0.0,0.0,0.0,0.0,0.0,0.0,0.0,0.0,0.0,0.0,0.0,0.0,0.0,0.0,0.0,0.0,0.0,0.0,0.0,0.0,0.0,0.0,0.0,0.0,0.0,0.0,0.0,0.0,0.0,0.0,0.0,0.0,0.0,0.0,0.0,0.0,0.0,0.0,0.0,0.0,0.0,0.0,0.0
0.0,0.0,0.0,8.604870601129908e-234,0.0,0.0,0.0,6.253399897149995e-235,1.9764001441858603e-234,8.730278202528055e-234,4.1190625044125927e-234,5.804234329867105e-235,0.0,8.875004834270455e-234,8.486957335275321e-234,0.0,1.0,8.54304008854346e-121,8.54304008854346e-121,8.543039561707982e-121,8.54303382971848e-121,8.542972084771437e-121,8.542313573499517e-121,8.54304008854346e-121,0.0,0.0,0.0,8.543039561707982e-121,8.543040136484806e-121,8.543033829718478e-121,8.542972084771437e-121,8.542972084771437e-121,8.542313573499517e-121,1.877943220125882e-233,1.8039468643242695e-233,1.6886986233573502e-233,1.5103592837894184e-233,1.8039468643242695e-233,1.6886986233573502e-233,1.5103592837894184e-233,0.0,0.0,3.725243231445608e-235,4.728633585417851e-235,0.0,0.0,6.585640583554837e-236,5.781012119143852e-236,7.5435887502468675e-236,5.124552062884479e-235,2.4954980977239633e-234,0.0,1.1582068491813593e-235,3.8804749899513436e-235,0.0,0.0,1.9176538051035713e-128,3.16101286972997e-127,0.0,2.8659947521507982e-126,2.469797881644341e-125,1.3170225438400119e-124,0.0,1.580506434864985e-127,3.304545250807035e-234,6.046985683193636e-129,0.0,1.1463979008603193e-126,3.8353076102071426e-128,6.174494704110853e-126,0.0,0.0,0.0,4.439781348096771e-234,2.3049648193383834e-234,1.7833933956793168e-234,0.0,2.3049648193383834e-234,1.7833933956793168e-234,0.0
0.0,0.0,0.0,0.0,0.0,0.0,0.0,0.0,0.0,0.0,0.0,0.0,0.0,0.0,0.0,0.0,1.6382043943620153e-235,1.0,1.4573382345499914e-121,1.457338226991259e-121,1.4573381430939009e-121,1.4573372211317358e-121,1.4573271901486803e-121,1.6382043943617838e-235,0.0,0.0,0.0,1.6382043943454864e-235,1.6382043943620153e-235,1.6382043932089464e-235,1.6382043147381855e-235,1.4573372211317358e-121,1.4573271901486803e-121,0.0,0.0,0.0,0.0,0.0,0.0,0.0,0.0,0.0,0.0,0.0,0.0,0.0,0.0,0.0,0.0,0.0,0.0,0.0,0.0,0.0,0.0,0.0,9.254859503513172e-248,4.535239394627952e-129,0.0,4.1948679079865514e-128,3.687848659847865e-127,2.006196611116885e-126,0.0,4.889225130971049e-246,0.0,4.552877277403728e-249,0.0,2.2730802555738763e-244,5.39392669859505e-130,7.847076086357009e-243,0.0,0.0,0.0,0.0,0.0,0.0,0.0,0.0,0.0,0.0
0.0,0.0,0.0,0.0,0.0,0.0,0.0,0.0,0.0,0.0,0.0,0.0,0.0,0.0,0.0,0.0,1.6382043943620153e-235,1.4573382345499914e-121,1.0,1.457338226991259e-121,1.4573381430939009e-121,1.4573372211317358e-121,1.4573271901486803e-121,1.6382043943617838e-235,0.0,0.0,0.0,1.6382043943454864e-235,1.6382043943620153e-235,1.6382043932089464e-235,1.6382043147381855e-235,1.4573372211317358e-121,1.4573271901486803e-121,0.0,0.0,0.0,0.0,0.0,0.0,0.0,0.0,0.0,0.0,0.0,0.0,0.0,0.0,0.0,0.0,0.0,0.0,0.0,0.0,0.0,0.0,0.0,9.254859503513172e-248,4.535239394627952e-129,0.0,4.1948679079865514e-128,3.687848659847865e-127,2.006196611116885e-126,0.0,4.889225130971049e-246,0.0,4.552877277403728e-249,0.0,2.2730802555738763e-244,5.39392669859505e-130,7.847076086357009e-243,0.0,0.0,0.0,0.0,0.0,0.0,0.0,0.0,0.0,0.0
0.0,0.0,0.0,0.0,0.0,0.0,0.0,0.0,0.0,0.0,0.0,0.0,0.0,0.0,0.0,0.0,0.0,1.6728222791713997e-237,1.6728222791713995e-237,1.0,1.8753415371990608e-122,1.8753414364159547e-122,1.875340317784354e-122,0.0,0.0,0.0,0.0,0.0,0.0,0.0,0.0,1.8753414364159547e-122,1.875340317784354e-122,0.0,0.0,0.0,0.0,0.0,0.0,0.0,0.0,0.0,0.0,0.0,0.0,0.0,0.0,0.0,0.0,0.0,0.0,0.0,0.0,0.0,0.0,0.0,0.0,4.763612891042998e-131,0.0,4.494939139792162e-130,4.0313242472087417e-129,2.2372632016515128e-128,0.0,0.0,0.0,0.0,0.0,0.0,2.092047077599873e-251,0.0,0.0,0.0,0.0,0.0,0.0,0.0,0.0,0.0,0.0,0.0
0.0,0.0,0.0,0.0,0.0,0.0,0.0,0.0,0.0,0.0,0.0,0.0,0.0,0.0,0.0,0.0,0.0,0.0,0.0,1.2885325523952164e-239,1.0,2.150375449360414e-123,2.1503753414818595e-123,0.0,0.0,0.0,0.0,0.0,0.0,0.0,0.0,2.150375449360414e-123,2.1503753414818595e-123,0.0,0.0,0.0,0.0,0.0,0.0,0.0,0.0,0.0,0.0,0.0,0.0,0.0,0.0,0.0,0.0,0.0,0.0,0.0,0.0,0.0,0.0,0.0,0.0,9.517297419883107e-254,0.0,4.165173776201932e-132,3.8108906350678354e-131,2.1575710931864385e-130,0.0,0.0,0.0,0.0,0.0,0.0,0.0,0.0,0.0,0.0,0.0,0.0,0.0,0.0,0.0,0.0,0.0,0.0
0.0,0.0,0.0,0.0,0.0,0.0,0.0,0.0,0.0,0.0,0.0,0.0,0.0,0.0,0.0,0.0,0.0,0.0,0.0,0.0,8.843952209751643e-242,1.0,2.543012049355047e-124,0.0,0.0,0.0,0.0,0.0,0.0,0.0,0.0,2.543012059767983e-124,2.543012049355047e-124,0.0,0.0,0.0,0.0,0.0,0.0,0.0,0.0,0.0,0.0,0.0,0.0,0.0,0.0,0.0,0.0,0.0,0.0,0.0,0.0,0.0,0.0,0.0,0.0,0.0,0.0,4.286592661433061e-256,3.605744530574144e-133,2.082587183549506e-132,0.0,0.0,0.0,0.0,0.0,0.0,0.0,0.0,0.0,0.0,0.0,0.0,0.0,0.0,0.0,0.0,0.0,0.0
0.0,0.0,0.0,0.0,0.0,0.0,0.0,0.0,0.0,0.0,0.0,0.0,0.0,0.0,0.0,0.0,0.0,0.0,0.0,0.0,0.0,6.260209172644806e-244,1.0,0.0,0.0,0.0,0.0,0.0,0.0,0.0,0.0,6.260209172644806e-244,4.764025743020914e-125,0.0,0.0,0.0,0.0,0.0,0.0,0.0,0.0,0.0,0.0,0.0,0.0,0.0,0.0,0.0,0.0,0.0,0.0,0.0,0.0,0.0,0.0,0.0,0.0,0.0,0.0,0.0,1.9114673748925815e-258,3.09045106567667e-134,0.0,0.0,0.0,0.0,0.0,0.0,0.0,0.0,0.0,0.0,0.0,0.0,0.0,0.0,0.0,0.0,0.0,0.0
0.0,0.0,0.0,0.0,0.0,0.0,0.0,0.0,0.0,0.0,0.0,0.0,0.0,0.0,0.0,0.0,1.6382043943620153e-235,1.6382043943617838e-235,1.6382043943617838e-235,1.6382043943454867e-235,1.6382043932089467e-235,1.638204314738186e-235,1.6381989507464323e-235,1.0,0.0,0.0,0.0,2.914676453982518e-121,1.6382043943620153e-235,2.9146762861878018e-121,2.9146744422634716e-121,1.638204314738186e-235,1.6381989507464323e-235,0.0,0.0,0.0,0.0,0.0,0.0,0.0,0.0,0.0,0.0,0.0,0.0,0.0,0.0,0.0,0.0,0.0,0.0,0.0,0.0,0.0,0.0,0.0,5.39392669859505e-130,9.778450261942099e-246,0.0,5.68270063893469e-244,3.138830434542803e-242,1.0727983507040736e-240,0.0,4.535239394627953e-129,0.0,4.552877277403728e-249,0.0,3.355894326389241e-128,1.8509719007026344e-247,1.843924329923933e-127,0.0,0.0,0.0,0.0,0.0,0.0,0.0,0.0,0.0,0.0
0.0,0.0,0.0,0.0,0.0,0.0,0.0,0.0,0.0,0.0,0.0,0.0,0.0,0.0,0.0,0.0,0.0,0.0,0.0,0.0,0.0,0.0,0.0,0.0,1.0,0.0,0.0,0.0,0.0,0.0,0.0,0.0,0.0,0.0,0.0,0.0,0.0,0.0,0.0,0.0,0.0,0.0,0.0,0.0,0.0,0.0,0.0,0.0,0.0,0.0,0.0,0.0,0.0,0.0,0.0,0.0,0.0,0.0,0.0,0.0,0.0,0.0,0.0,0.0,0.0,0.0,0.0,0.0,0.0,0.0,0.0,0.0,0.0,0.0,0.0,0.0,0.0,0.0,0.0,0.0
0.0,0.0,0.0,0.0,0.0,0.0,0.0,0.0,0.0,0.0,0.0,0.0,0.0,0.0,0.0,0.0,0.0,0.0,0.0,0.0,0.0,0.0,0.0,0.0,0.0,1.0,0.0,0.0,0.0,0.0,0.0,0.0,0.0,0.0,0.0,0.0,0.0,0.0,0.0,0.0,0.0,0.0,0.0,0.0,0.0,0.0,0.0,0.0,0.0,0.0,0.0,0.0,0.0,0.0,0.0,0.0,0.0,0.0,0.0,0.0,0.0,0.0,0.0,0.0,0.0,0.0,0.0,0.0,0.0,0.0,0.0,0.0,0.0,0.0,0.0,0.0,0.0,0.0,0.0,0.0
0.0,0.0,0.0,0.0,0.0,0.0,0.0,0.0,0.0,0.0,0.0,0.0,0.0,0.0,0.0,0.0,0.0,0.0,0.0,0.0,0.0,0.0,0.0,0.0,0.0,0.0,1.0,0.0,0.0,0.0,0.0,0.0,0.0,0.0,0.0,0.0,0.0,0.0,0.0,0.0,0.0,0.0,0.0,0.0,0.0,0.0,0.0,0.0,0.0,0.0,0.0,0.0,0.0,0.0,0.0,0.0,0.0,0.0,0.0,0.0,0.0,0.0,0.0,0.0,0.0,0.0,0.0,0.0,0.0,0.0,0.0,0.0,0.0,0.0,0.0,0.0,0.0,0.0,0.0,0.0
0.0,0.0,0.0,0.0,0.0,0.0,0.0,0.0,0.0,0.0,0.0,0.0,0.0,0.0,0.0,0.0,0.0,0.0,0.0,0.0,0.0,0.0,0.0,3.3456445583427995e-237,0.0,0.0,0.0,1.0,0.0,3.7506830743981215e-122,3.750682872831909e-122,0.0,0.0,0.0,0.0,0.0,0.0,0.0,0.0,0.0,0.0,0.0,0.0,0.0,0.0,0.0,0.0,0.0,0.0,0.0,0.0,0.0,0.0,0.0,0.0,0.0,2.092047077599873e-251,0.0,0.0,0.0,0.0,0.0,0.0,4.763612891042998e-131,0.0,0.0,0.0,3.5959513118337297e-130,0.0,2.0156621236043715e-129,0.0,0.0,0.0,0.0,0.0,0.0,0.0,0.0,0.0,0.0
0.0,0.0,0.0,8.604870601129908e-234,0.0,0.0,0.0,6.253399897149995e-235,1.9764001441858603e-234,8.730278202528055e-234,4.1190625044125927e-234,5.804234329867105e-235,0.0,8.875004834270455e-234,8.486957335275321e-234,0.0,8.543040136484806e-121,8.54304008854346e-121,8.54304008854346e-121,8.543039561707982e-121,8.54303382971848e-121,8.542972084771437e-121,8.542313573499517e-121,8.54304008854346e-121,0.0,0.0,0.0,8.543039561707982e-121,1.0,8.543033829718478e-121,8.542972084771437e-121,8.542972084771437e-121,8.542313573499517e-121,1.877943220125882e-233,1.8039468643242695e-233,1.6886986233573502e-233,1.5103592837894184e-233,1.8039468643242695e-233,1.6886986233573502e-233,1.5103592837894184e-233,0.0,0.0,3.725243231445608e-235,4.728633585417851e-235,0.0,0.0,6.585640583554837e-236,5.781012119143852e-236,7.5435887502468675e-236,5.124552062884479e-235,2.4954980977239633e-234,0.0,1.1582068491813593e-235,3.8804749899513436e-235,0.0,0.0,1.9176538051035713e-128,3.16101286972997e-127,0.0,2.8659947521507982e-126,2.469797881644341e-125,1.3170225438400119e-124,0.0,1.580506434864985e-127,3.304545250807035e-234,6.046985683193636e-129,0.0,1.1463979008603193e-126,3.8353076102071426e-128,6.174494704110853e-126,0.0,0.0,0.0,4.439781348096771e-234,2.3049648193383834e-234,1.7833933956793168e-234,0.0,2.3049648193383834e-234,1.7833933956793168e-234,0.0
0.0,0.0,0.0,0.0,0.0,0.0,0.0,0.0,0.0,0.0,0.0,0.0,0.0,0.0,0.0,0.0,0.0,0.0,0.0,0.0,0.0,0.0,0.0,0.0,0.0,0.0,0.0,2.5770651047904333e-239,0.0,1.0,5.375938623401035e-123,0.0,0.0,0.0,0.0,0.0,0.0,0.0,0.0,0.0,0.0,0.0,0.0,0.0,0.0,0.0,0.0,0.0,0.0,0.0,0.0,0.0,0.0,0.0,0.0,0.0,0.0,0.0,0.0,0.0,0.0,0.0,0.0,9.517297419883105e-254,0.0,0.0,0.0,4.165173776201932e-132,0.0,2.3818066469173974e-131,0.0,0.0,0.0,0.0,0.0,0.0,0.0,0.0,0.0,0.0
0.0,0.0,0.0,0.0,0.0,0.0,0.0,0.0,0.0,0.0,0.0,0.0,0.0,0.0,0.0,0.0,0.0,0.0,0.0,0.0,0.0,0.0,0.0,0.0,0.0,0.0,0.0,0.0,0.0,2.210988052437911e-241,1.0,0.0,0.0,0.0,0.0,0.0,0.0,0.0,0.0,0.0,0.0,0.0,0.0,0.0,0.0,0.0,0.0,0.0,0.0,0.0,0.0,0.0,0.0,0.0,0.0,0.0,0.0,0.0,0.0,0.0,0.0,0.0,0.0,0.0,0.0,0.0,0.0,4.286592661433061e-256,0.0,3.605744530574144e-133,0.0,0.0,0.0,0.0,0.0,0.0,0.0,0.0,0.0,0.0
0.0,0.0,0.0,0.0,0.0,0.0,0.0,0.0,0.0,0.0,0.0,0.0,0.0,0.0,0.0,0.0,0.0,0.0,0.0,0.0,8.843952209751643e-242,2.543012059767983e-124,2.543012049355047e-124,0.0,0.0,0.0,0.0,0.0,0.0,0.0,0.0,1.0,2.543012049355047e-124,0.0,0.0,0.0,0.0,0.0,0.0,0.0,0.0,0.0,0.0,0.0,0.0,0.0,0.0,0.0,0.0,0.0,0.0,0.0,0.0,0.0,0.0,0.0,0.0,0.0,0.0,4.286592661433061e-256,3.605744530574144e-133,2.082587183549506e-132,0.0,0.0,0.0,0.0,0.0,0.0,0.0,0.0,0.0,0.0,0.0,0.0,0.0,0.0,0.0,0.0,0.0,0.0
0.0,0.0,0.0,0.0,0.0,0.0,0.0,0.0,0.0,0.0,0.0,0.0,0.0,0.0,0.0,0.0,0.0,0.0,0.0,0.0,0.0,6.260209172644806e-244,4.764025743020914e-125,0.0,0.0,0.0,0.0,0.0,0.0,0.0,0.0,6.260209172644806e-244,1.0,0.0,0.0,0.0,0.0,0.0,0.0,0.0,0.0,0.0,0.0,0.0,0.0,0.0,0.0,0.0,0.0,0.0,0.0,0.0,0.0,0.0,0.0,0.0,0.0,0.0,0.0,0.0,1.9114673748925815e-258,3.09045106567667e-134,0.0,0.0,0.0,0.0,0.0,0.0,0.0,0.0,0.0,0.0,0.0,0.0,0.0,0.0,0.0,0.0,0.0,0.0
0.0,0.0,0.0,0.0,0.0,0.0,0.0,0.0,9.948815503189045e-237,1.180731637926468e-235,0.0,0.0,0.0,1.2407955665257501e-235,1.2407955665135875e-235,0.0,0.0,0.0,0.0,0.0,0.0,0.0,0.0,0.0,0.0,0.0,0.0,0.0,0.0,0.0,0.0,0.0,0.0,1.0,1.6655294022757246e-121,1.6655293063930295e-121,1.6655282527219837e-121,1.6655294022757246e-121,1.6655293063930295e-121,1.6655282527219837e-121,0.0,0.0,0.0,0.0,0.0,0.0,0.0,0.0,0.0,3.5686643555110798e-248,4.552877277403729e-249,0.0,0.0,1.216258577005667e-246,0.0,0.0,0.0,0.0,0.0,0.0,0.0,0.0,0.0,0.0,5.39392669859505e-130,0.0,0.0,0.0,0.0,0.0,0.0,0.0,0.0,5.18313073671766e-129,1.917653900793852e-128,1.053671045670819e-127,0.0,1.917653900793852e-128,1.053671045670819e-127,0.0
0.0,0.0,0.0,0.0,0.0,0.0,0.0,0.0,0.0,0.0,0.0,0.0,0.0,0.0,0.0,0.0,0.0,0.0,0.0,0.0,0.0,0.0,0.0,0.0,0.0,0.0,0.0,0.0,0.0,0.0,0.0,0.0,0.0,1.9117968904815998e-237,1.0,1.8753415371990608e-122,1.8753414364159544e-122,1.875341546188939e-122,1.8753415371990608e-122,1.8753414364159544e-122,0.0,0.0,0.0,0.0,0.0,0.0,0.0,0.0,0.0,0.0,0.0,0.0,0.0,0.0,0.0,0.0,0.0,0.0,0.0,0.0,0.0,0.0,0.0,0.0,2.092047077599873e-251,0.0,0.0,0.0,0.0,0.0,0.0,0.0,0.0,4.763612891042998e-131,1.7979756559168649e-130,1.0078310618021857e-129,0.0,1.7979756559168649e-130,1.0078310618021857e-129,0.0
0.0,0.0,0.0,0.0,0.0,0.0,0.0,0.0,0.0,0.0,0.0,0.0,0.0,0.0,0.0,0.0,0.0,0.0,0.0,0.0,0.0,0.0,0.0,0.0,0.0,0.0,0.0,0.0,0.0,0.0,0.0,0.0,0.0,0.0,1.2885325523952167e-239,1.0,5.375938623401035e-123,1.2885325523952167e-239,1.2885325523950969e-239,1.288532552386137e-239,0.0,0.0,0.0,0.0,0.0,0.0,0.0,0.0,0.0,0.0,0.0,0.0,0.0,0.0,0.0,0.0,0.0,0.0,0.0,0.0,0.0,0.0,0.0,0.0,0.0,0.0,0.0,0.0,0.0,0.0,0.0,0.0,0.0,9.517297419883105e-254,4.165173776201932e-132,2.3818066469173974e-131,0.0,2.396264944560686e-252,8.959911337412214e-251,0.0
0.0,0.0,0.0,0.0,0.0,0.0,0.0,0.0,0.0,0.0,0.0,0.0,0.0,0.0,0.0,0.0,0.0,0.0,0.0,0.0,0.0,0.0,0.0,0.0,0.0,0.0,0.0,0.0,0.0,0.0,0.0,0.0,0.0,0.0,0.0,2.210988052437911e-241,1.0,0.0,0.0,0.0,0.0,0.0,0.0,0.0,0.0,0.0,0.0,0.0,0.0,0.0,0.0,0.0,0.0,0.0,0.0,0.0,0.0,0.0,0.0,0.0,0.0,0.0,0.0,0.0,0.0,0.0,0.0,0.0,0.0,0.0,0.0,0.0,0.0,0.0,4.286592661433061e-256,3.605744530574144e-133,0.0,0.0,0.0,0.0
0.0,0.0,0.0,0.0,0.0,0.0,0.0,0.0,0.0,0.0,0.0,0.0,0.0,0.0,0.0,0.0,0.0,0.0,0.0,0.0,0.0,0.0,0.0,0.0,0.0,0.0,0.0,0.0,0.0,0.0,0.0,0.0,0.0,1.9117968904815998e-237,1.875341546188939e-122,1.8753415371990608e-122,1.8753414364159544e-122,1.0,1.8753415371990608e-122,1.8753414364159544e-122,0.0,0.0,0.0,0.0,0.0,0.0,0.0,0.0,0.0,0.0,0.0,0.0,0.0,0.0,0.0,0.0,0.0,0.0,0.0,0.0,0.0,0.0,0.0,0.0,2.092047077599873e-251,0.0,0.0,0.0,0.0,0.0,0.0,0.0,0.0,4.763612891042998e-131,1.7979756559168649e-130,1.0078310618021857e-129,0.0,1.7979756559168649e-130,1.0078310618021857e-129,0.0
0.0,0.0,0.0,0.0,0.0,0.0,0.0,0.0,0.0,0.0,0.0,0.0,0.0,0.0,0.0,0.0,0.0,0.0,0.0,0.0,0.0,0.0,0.0,0.0,0.0,0.0,0.0,0.0,0.0,0.0,0.0,0.0,0.0,0.0,1.2885325523952167e-239,1.2885325523950969e-239,1.288532552386137e-239,1.2885325523952167e-239,1.0,5.375938623401035e-123,0.0,0.0,0.0,0.0,0.0,0.0,0.0,0.0,0.0,0.0,0.0,0.0,0.0,0.0,0.0,0.0,0.0,0.0,0.0,0.0,0.0,0.0,0.0,0.0,0.0,0.0,0.0,0.0,0.0,0.0,0.0,0.0,0.0,9.517297419883105e-254,2.396264944560686e-252,8.959911337412214e-251,0.0,4.165173776201932e-132,2.3818066469173974e-131,0.0
0.0,0.0,0.0,0.0,0.0,0.0,0.0,0.0,0.0,0.0,0.0,0.0,0.0,0.0,0.0,0.0,0.0,0.0,0.0,0.0,0.0,0.0,0.0,0.0,0.0,0.0,0.0,0.0,0.0,0.0,0.0,0.0,0.0,0.0,0.0,0.0,0.0,0.0,2.210988052437911e-241,1.0,0.0,0.0,0.0,0.0,0.0,0.0,0.0,0.0,0.0,0.0,0.0,0.0,0.0,0.0,0.0,0.0,0.0,0.0,0.0,0.0,0.0,0.0,0.0,0.0,0.0,0.0,0.0,0.0,0.0,0.0,0.0,0.0,0.0,0.0,0.0,0.0,0.0,4.286592661433061e-256,3.605744530574144e-133,0.0
0.0,0.0,0.0,0.0,0.0,0.0,0.0,0.0,0.0,0.0,0.0,0.0,0.0,0.0,0.0,0.0,0.0,0.0,0.0,0.0,0.0,0.0,0.0,0.0,0.0,0.0,0.0,0.0,0.0,0.0,0.0,0.0,0.0,0.0,0.0,0.0,0.0,0.0,0.0,0.0,1.0,0.0,0.0,0.0,0.0,0.0,0.0,0.0,0.0,0.0,0.0,0.0,0.0,0.0,0.0,0.0,0.0,0.0,0.0,0.0,0.0,0.0,0.0,0.0,0.0,0.0,0.0,0.0,0.0,0.0,0.0,0.0,0.0,0.0,0.0,0.0,0.0,0.0,0.0,0.0
7.895963269729123e-226,2.0071881303684617e-114,3.5248720659664276e-227,3.4700968698908875e-227,1.4697044351357753e-113,7.270481147099585e-227,0.0,0.4299443452850269,0.037688129351363765,0.035027827357486836,3.091733358099073e-113,0.42994434528502584,0.0,0.03369767636054837,0.03369767636054837,0.0,2.777855847098392e-113,2.654162331559769e-113,2.654162331559769e-113,2.462361171909808e-113,2.1668691186667688e-113,1.7145837670075417e-113,1.0268299601426293e-113,2.654162331559768e-113,0.0,0.0,0.0,2.4623611719098077e-113,2.777855847098392e-113,2.1668691186667685e-113,1.7145837670075414e-113,1.7145837670075417e-113,1.0268299601426293e-113,2.584976547507658e-113,2.3979702989357497e-113,2.1099777000042435e-113,1.6693451652589902e-113,2.3979702989357497e-113,2.1099777000042435e-113,1.66934516525899e-113,0.0,6.3626831279679345e-115,9.227340952223108e-114,1.1712715551734191e-113,5.127512763881158e-227,4.272926916756391e-226,2.8974022662384385e-114,2.5522805181960144e-114,2.1654384991092707e-114,3.366172286407893e-114,6.448862499842829e-114,0.0,2.868851461946717e-114,2.5237699429553184e-114,0.0,0.0,4.947740621544945e-114,1.1508069578997647e-113,0.0,1.4774602662151933e-113,1.809141406636909e-113,1.375507613729825e-113,0.0,5.7540347894988234e-114,8.445339837843989e-114,1.1096317504023841e-113,0.0,5.9098410648607736e-114,9.89548124308989e-114,4.522853516592274e-114,0.0,0.0,0.0,1.1220374914314471e-113,5.759851978630123e-114,4.406325347452536e-114,0.0,5.759851978630123e-114,4.406325347452536e-114,0.0
4.830581296760271e-227,1.5568262047224957e-113,1.528227611006268e-114,1.5820056394158414e-114,1.835740363302625e-113,3.314216800548684e-114,0.0,0.03062631699057038,0.06321331755010164,0.03891486042391567,0.03769588789260261,0.03062631699057031,0.0,0.03871757841873806,0.03871757841873806,0.0,0.03467267491861304,0.03467267491861304,0.03467267491861304,0.03467267491861305,0.03467267491861305,0.03467267491861305,0.03467267491861305,0.03467267491861304,0.0,0.0,0.0,0.03467267491861304,0.03467267491861304,0.03467267491861304,0.03467267491861304,0.03467267491861305,0.03467267491861305,0.0337243849220258,0.0337243849220258,0.0337243849220258,0.0337243849220258,0.0337243849220258,0.0337243849220258,0.0337243849220258,0.0,7.947335503438341e-115,1.8029082963062996e-113,2.5406461612868656e-113,3.136916793545859e-228,2.6140939147993083e-227,6.578821326172519e-114,5.806361900143704e-114,4.554229167566015e-114,7.231573635919743e-114,1.4407767509893667e-113,0.0,5.803862226904732e-114,5.427054870478021e-114,0.0,0.0,1.0961724601106583e-113,2.551788037637375e-113,0.0,3.2789395771518704e-113,4.01856539449361e-113,3.0544877176493865e-113,0.0,1.2758940188186875e-113,1.8886039849812012e-113,2.4563254397671708e-113,0.0,1.3115758308607484e-113,2.1923449202213165e-113,1.0046413486234027e-113,0.0,0.0,0.0,2.511581999840983e-113,1.290546586707209e-113,9.882517960625852e-114,0.0,1.290546586707209e-113,9.882517960625852e-114,0.0
3.244096768563346e-226,2.4649730157097983e-226,5.3137529347436535e-114,8.595483408122779e-115,2.892484468207698e-226,6.038355607663243e-114,0.0,1.2736982031349745e-113,0.001549198577308039,0.01808544755738546,0.046857503833554616,1.2413433307984778e-113,0.0,0.01901542911124441,0.01901542911124441,0.0,0.04303999449151085,0.04303999449151085,0.04303999449151085,0.04303999449151085,0.04303999449151086,0.04303999449151085,0.04303999449151085,0.04303999449151085,0.0,0.0,0.0,0.04303999449151085,0.04303999449151085,0.04303999449151085,0.04303999449151085,0.04303999449151085,0.04303999449151085,0.04184529556115873,0.04184529556115873,0.04184529556115873,0.04184529556115873,0.04184529556115873,0.04184529556115873,0.04184529556115873,0.0,3.4716022240066876e-227,4.293329137178119e-115,6.3431375879053975e-114,2.1066643877390824e-227,1.7555538652866046e-226,4.713319017036208e-115,4.164253066473295e-115,5.413095211915447e-115,1.2134086642385406e-114,3.7349932504602084e-114,0.0,8.23616086235451e-115,9.15209884148336e-115,0.0,0.0,2.8268829669532362e-114,6.613905970097966e-114,0.0,8.541743088703825e-114,1.0522020290873189e-113,8.048344739517005e-114,0.0,3.306952985048983e-114,4.9205193361752985e-114,6.30297264326623e-114,0.0,3.41669723548153e-114,5.6537659339064724e-114,2.6305050727182976e-114,0.0,0.0,0.0,6.576717731824327e-114,3.396583943880993e-114,2.6143168115041476e-114,0.0,3.396583943880993e-114,2.6143168115041476e-114,0.0
3.856761649070843e-113,1.6136413734756457e-114,1.2601739895139563e-115,1.305042881465357e-115,3.926093725167386e-114,2.734148289091509e-115,0.0,0.2974913448006124,0.04590085801775591,0.0359794238559431,0.012545793902322024,0.29749134480061173,0.0,0.03505423712162783,0.03505423712162783,0.0,0.011555351707554269,0.011555351707554269,0.011555351707554269,0.011555351707554269,0.011555351707554269,0.011555351707554269,0.011555351707554269,0.011555351707554267,0.0,0.0,0.0,0.011555351707554267,0.011555351707554269,0.011555351707554267,0.011555351707554267,0.011555351707554269,0.011555351707554269,0.011243976639105644,0.011243976639105644,0.011243976639105644,0.011243976639105644,0.011243976639105644,0.011243976639105644,0.011243976639105644,0.0,2.8084914870011586e-114,4.320709285559051e-114,3.8663395008570927e-113,2.5045191080412534e-114,2.0870992567010444e-113,5.3916093998706315e-114,4.736580764126858e-114,1.950793688977494e-114,5.69336218391646e-114,2.1310440102549925e-113,0.0,1.357115072462593e-114,4.266642332003982e-114,0.0,0.0,1.6333402765738763e-113,3.797139372063619e-113,0.0,4.872541645361206e-113,5.963085208500805e-113,4.534218629880495e-113,0.0,1.8985696860318095e-113,2.7894089403648726e-113,3.664930064992991e-113,0.0,1.9490166581444828e-113,3.2666805531477526e-113,1.4907713021252015e-113,0.0,0.0,0.0,3.70415899076203e-113,1.9005627037192142e-113,1.4531467174439726e-113,0.0,1.9005627037192142e-113,1.4531467174439726e-113,0.0
3.856761649070843e-113,1.961214745840839e-227,1.306670181165959e-114,2.109209075230158e-115,3.5257092213588413e-227,1.4848524785976805e-114,0.0,6.73900525117255e-113,0.0015211719370135405,0.01804891447440202,0.0467978813036204,6.432788789555444e-113,0.0,0.018967213787576064,0.018967213787576064,0.0,0.0430446877904337,0.0430446877904337,0.0430446877904337,0.04304468779043371,0.04304468779043371,0.04304468779043371,0.04304468779043371,0.0430446877904337,0.0,0.0,0.0,0.0430446877904337,0.0430446877904337,0.0430446877904337,0.0430446877904337,0.04304468779043371,0.04304468779043371,0.04186742509196285,0.04186742509196285,0.04186742509196285,0.04186742509196285,0.04186742509196285,0.04186742509196285,0.04186742509196285,0.0,2.638522003976257e-114,1.4248161819848566e-114,3.620531404899684e-113,2.5045191080412534e-114,2.0870992567010444e-113,4.489351786427069e-114,3.941177161905919e-114,1.3528710066725812e-114,4.8427914679503086e-114,1.9981991352346038e-113,0.0,6.100989669593315e-115,3.629890314247758e-114,0.0,0.0,1.5312305765200069e-113,3.560414313463226e-113,0.0,4.5696306409668044e-113,5.593812307324415e-113,4.25042433387244e-113,0.0,1.780207156731613e-113,2.6160085347590995e-113,3.435191621603981e-113,0.0,1.8278522563867222e-113,3.0624611530400137e-113,1.398453076831104e-113,0.0,0.0,0.0,3.4745508938984454e-113,1.7830964869964367e-113,1.363688726942353e-113,0.0,1.7830964869964367e-113,1.363688726942353e-113,0.0
0.0,8.21552504853914e-114,5.939919312380821e-227,1.485754398214922e-227,2.3369090913206553e-226,3.1129079221842985e-227,0.0,0.42899461779877424,0.03824023396187722,0.035502691100613076,1.3164477146389344e-113,0.4289946177987733,0.0,0.03413391966998101,0.03413391966998101,0.0,1.1829324477628484e-113,1.1304868953192554e-113,1.1304868953192554e-113,1.0491639760590047e-113,9.238765355045014e-114,7.321093678674373e-114,4.405045235136374e-114,1.130486895319255e-113,0.0,0.0,0.0,1.0491639760590045e-113,1.1829324477628484e-113,9.238765355045012e-114,7.321093678674371e-114,7.321093678674373e-114,4.405045235136374e-114,1.101068637907028e-113,1.0217787416335632e-113,8.996710395049661e-114,7.128446193105938e-114,1.0217787416335632e-113,8.996710395049661e-114,7.128446193105938e-114,0.0,1.0117001003972048e-227,3.912355402928325e-114,4.966144223894706e-114,1.7223080043013217e-234,1.7486799538492997e-233,1.758648548678916e-114,1.5560265810696723e-114,1.0449964834243764e-114,1.5617221551522063e-114,2.734291728748067e-114,0.0,1.2163814662816719e-114,1.1725543823444151e-114,0.0,0.0,2.0978220977437296e-114,4.879375155615025e-114,0.0,6.264372027725164e-114,7.670686705482563e-114,5.832096887075996e-114,0.0,2.4396875778075124e-114,3.580790079746025e-114,4.7047939340549185e-114,0.0,2.505748811090066e-114,4.195644195487459e-114,1.917671676370641e-114,0.0,0.0,0.0,4.7573937764078746e-114,2.4421540425719417e-114,1.868264201943724e-114,0.0,2.4421540425719417e-114,1.868264201943724e-114,0.0
0.0,8.815964228432745e-227,6.246264873083084e-229,3.5982020717868994e-231,0.0,0.0,0.0,1.903710141714527e-113,0.06783364567252206,0.06290901614017122,9.058486215098292e-227,0.7483639354393151,0.0,0.060446701373995805,0.060446701373995805,0.0,8.017896441435005e-227,7.451916694348422e-227,7.451916694348422e-227,6.574268927408012e-227,5.222102658391876e-227,3.153462400948276e-227,0.0,7.451916694348421e-227,0.0,0.0,0.0,6.574268927408011e-227,8.017896441435005e-227,5.222102658391875e-227,3.1534624009482746e-227,3.153462400948276e-227,0.0,6.363983732299084e-117,6.36398373229402e-117,6.363983732239015e-117,6.363983731647354e-117,6.36398373229402e-117,6.363983732239015e-117,6.363983731647354e-117,0.0,1.868652429203969e-248,4.198309061700254e-227,5.358864844231865e-227,0.0,0.0,1.628696209063915e-129,1.0514387977874676e-128,2.0965334430935154e-128,1.5352510308180113e-127,3.471346307300091e-130,0.0,4.0479447790992146e-130,8.02892088145769e-127,0.0,0.0,2.2639189883463235e-227,5.265886601642461e-227,0.0,6.760831345080675e-227,8.274561029774401e-227,6.306924801896552e-227,0.0,2.6329433008212303e-227,3.2298290619190816e-129,5.077126287179649e-227,0.0,2.7043325380322706e-227,4.527837976692647e-227,2.0686402574436007e-227,0.0,0.0,0.0,3.037878643544937e-128,1.10013517969497e-127,5.916599837393424e-127,0.0,1.10013517969497e-127,5.916599837393424e-127,0.0
0.0,6.272403859252444e-228,8.507008043217054e-227,4.937842422231851e-229,0.0,0.0,0.0,5.476953571582199e-114,0.02648984285868961,0.3333333333333333,1.3284354943615214e-226,7.804588715635197e-114,0.0,0.3200884119039885,0.3200884119039885,0.0,1.201179575795571e-226,1.153674977328536e-226,1.153674977328536e-226,1.0795989126427854e-226,9.648286264388442e-227,7.881547199603808e-227,5.403755290605899e-227,1.1536749773285357e-226,0.0,0.0,0.0,1.0795989126427852e-226,1.201179575795571e-226,9.64828626438844e-227,7.881547199603808e-227,7.881547199603808e-227,5.403755290605899e-227,2.1558189402495395e-115,2.1558189402492713e-115,2.1558189402463567e-115,2.1558189402150065e-115,2.1558189402492713e-115,2.1558189402463567e-115,2.1558189402150065e-115,0.0,7.297309280131061e-249,3.008389186113701e-228,4.433033512342976e-227,0.0,0.0,6.360251791703898e-130,3.948358357054285e-129,8.051233547926355e-129,6.117283094477105e-128,1.8393475319792968e-129,0.0,1.5807704279474916e-130,3.199732816471811e-127,0.0,0.0,1.900183938681411e-227,4.4445638811450255e-227,0.0,5.738514310197059e-227,7.066956259138528e-227,4.95558381799582e-227,0.0,2.2222819405725128e-227,1.711375814410297e-128,4.237877947095421e-227,0.0,2.2954057240788236e-227,3.800367877362822e-227,1.766739064784632e-227,0.0,0.0,0.0,1.6096678610561763e-127,5.829239575896376e-127,3.1350036398652855e-126,0.0,5.829239575896376e-127,3.1350036398652855e-126,0.0
0.0,1.9108519967310685e-237,2.590649518546129e-236,1.9302182217256504e-227,0.0,0.0,0.0,7.302681507252722e-123,0.0403356811215333,1.312724989811646e-114,7.085630907137973e-228,1.0112549590002086e-122,0.0,0.4798321594392334,0.4798321594392334,0.0,3.104524293013062e-227,3.0272966112401763e-227,3.0272966112401763e-227,2.90624880914998e-227,2.717722621945145e-227,2.425980145569121e-227,1.9774176512787127e-227,3.027296611240176e-227,0.0,0.0,0.0,2.9062488091499796e-227,3.104524293013062e-227,2.717722621945144e-227,2.42598014556912e-227,2.425980145569121e-227,1.9774176512787127e-227,2.0672860631273294e-114,2.0672860631273294e-114,2.0672860631273294e-114,2.0672860631273294e-114,2.0672860631273294e-114,2.0672860631273294e-114,2.0672860631273294e-114,0.0,1.111150193448647e-248,8.35635154418612e-229,1.0607126184293482e-228,0.0,0.0,9.684658738497326e-130,6.012105262128421e-129,1.1991019758740813e-128,8.771540897201194e-128,5.59782491834955e-228,0.0,2.4070151056831858e-130,4.582836918185267e-127,0.0,0.0,3.08910727091542e-228,7.262868125411768e-228,0.0,9.426309360241778e-228,1.1669699055040953e-227,8.971249885808168e-228,0.0,3.631434062705884e-228,7.41265472347701e-228,6.85433720706136e-228,0.0,3.770523744096712e-228,6.17821454183084e-228,2.9174247637602376e-228,0.0,0.0,0.0,9.959181866269848e-228,5.1704329136078165e-228,4.0006590474424627e-228,0.0,5.1704329136078165e-228,4.0006590474424627e-228,0.0
0.0,7.397387624717823e-228,5.487211878687164e-227,4.5690954070053876e-114,8.722691550741415e-228,6.310472739295833e-227,0.0,5.33014381110531e-115,0.004500142117900803,0.051691026734526434,2.604847729930154e-114,5.091641637333615e-115,0.0,0.05437719474385644,0.05437719474385644,0.0,1.141400182071332e-113,1.1231193140610593e-113,1.1231193140610593e-113,1.0944656131837797e-113,1.0498388386162726e-113,9.807793306513355e-114,8.745983400994056e-114,1.1231193140610592e-113,0.0,0.0,0.0,1.0944656131837795e-113,1.141400182071332e-113,1.0498388386162724e-113,9.807793306513354e-114,9.807793306513355e-114,8.745983400994056e-114,0.11929349166569427,0.11929349166569427,0.11929349166569427,0.11929349166569427,0.11929349166569427,0.11929349166569427,0.11929349166569427,0.0,3.7762459820334485e-229,1.9780648109388904e-115,2.510854491384129e-115,8.707892065114735e-236,8.841227153633707e-235,3.4969055948272923e-116,3.069656401087814e-116,4.005566212716799e-116,2.721084164677664e-115,1.3250831331731798e-114,0.0,6.149956042667083e-116,2.060527249688311e-115,0.0,0.0,7.3123472041090895e-115,1.719222052636783e-114,0.0,2.2313387283753523e-114,2.762380318597484e-114,2.1236198110385997e-114,0.0,8.596110263183916e-115,1.754678627763226e-114,1.6225170936437513e-114,0.0,8.925354913501411e-115,1.4624694408218179e-114,6.90595079649371e-115,0.0,0.0,0.0,2.357477074378481e-114,1.2239134923160651e-114,9.470117238976677e-115,0.0,1.2239134923160651e-114,9.470117238976677e-115,0.0
0.0,0.0,0.0,0.0,0.0,0.0,0.0,0.0,0.0,0.0,0.0,0.0,0.0,0.0,0.0,0.0,0.0,0.0,0.0,0.0,0.0,0.0,0.0,0.0,0.0,0.0,0.0,0.0,0.0,0.0,0.0,0.0,0.0,0.0,0.0,0.0,0.0,0.0,0.0,0.0,0.0,0.0,0.0,0.0,0.0,0.0,0.0,0.0,0.0,0.0,0.0,1.0,0.0,0.0,0.0,0.0,0.0,0.0,0.0,0.0,0.0,0.0,0.0,0.0,0.0,0.0,0.0,0.0,0.0,0.0,0.0,0.0,0.0,0.0,0.0,0.0,0.0,0.0,0.0,0.0
0.0,7.341803818248361e-115,9.961814705039838e-114,4.3100726394864755e-227,3.895856083653062e-226,1.3796360132777083e-226,0.0,0.15726313782397905,0.31794782222988294,0.12578078241165355,2.4157397707715938e-113,0.15726313782397866,0.0,0.1208725598552529,0.1208725598552529,0.0,2.1939789260445144e-113,2.1385838660710547e-113,2.1385838660710547e-113,2.052205697292788e-113,1.9183779644331307e-113,1.7123721438432624e-113,1.397317451121061e-113,2.1385838660710544e-113,0.0,0.0,0.0,2.0522056972927877e-113,2.1939789260445144e-113,1.9183779644331307e-113,1.7123721438432624e-113,1.7123721438432624e-113,1.397317451121061e-113,2.0831490047337442e-113,1.9989302370724075e-113,1.8684989913845006e-113,1.667800767208475e-113,1.9989302370724075e-113,1.8684989913845006e-113,1.667800767208475e-113,0.0,1.6866043267798371e-227,3.496276338500282e-115,5.187764019331701e-114,1.5391405184051658e-235,1.8368035619871222e-233,8.98488271782808e-115,7.948311977423998e-115,9.452038598673596e-115,1.4880118362033794e-114,2.8720846120645814e-114,0.0,1.4025104410890582e-114,1.1223571834722766e-114,0.0,0.0,2.215802398938382e-114,5.182690126696011e-114,0.0,6.691386642982857e-114,8.240232823594728e-114,6.301093854444034e-114,0.0,2.5913450633480055e-114,3.782171642356905e-114,4.9418890160344474e-114,0.0,2.676554657193142e-114,4.431604797876764e-114,2.060058205898682e-114,0.0,0.0,0.0,5.053126059680188e-114,2.6086249137581367e-114,2.0069822417602584e-114,0.0,2.6086249137581367e-114,2.0069822417602584e-114,0.0
0.0,0.0,0.0,0.0,0.0,0.0,0.0,5.8904751679755513e-238,3.3661910063918926e-116,1.730245989084834e-229,0.0,8.14427480921801e-238,0.0,4.067516516233385e-115,1.0,0.0,0.0,0.0,0.0,0.0,0.0,0.0,0.0,0.0,0.0,0.0,0.0,0.0,0.0,0.0,0.0,0.0,0.0,2.7395016844123453e-229,2.7395016844123453e-229,2.7395016844123453e-229,2.7395016844123453e-229,2.7395016844123453e-229,2.7395016844123453e-229,2.7395016844123453e-229,0.0,0.0,0.0,0.0,0.0,0.0,8.0822760987419e-244,5.017367774670852e-243,1.0007036387391597e-242,7.32057925554843e-242,0.0,0.0,2.0087605751808283e-244,4.763612891042998e-131,0.0,0.0,0.0,0.0,0.0,0.0,0.0,0.0,0.0,0.0,0.0,0.0,0.0,0.0,0.0,0.0,0.0,0.0,0.0,0.0,0.0,0.0,0.0,0.0,0.0,0.0
0.0,0.0,0.0,0.0,0.0,0.0,0.0,0.0,0.0,0.0,0.0,0.0,0.0,0.0,0.0,0.0,0.0,0.0,0.0,0.0,0.0,0.0,0.0,0.0,0.0,0.0,0.0,0.0,0.0,0.0,0.0,0.0,0.0,0.0,0.0,0.0,0.0,0.0,0.0,0.0,0.0,0.0,0.0,0.0,0.0,0.0,0.0,0.0,0.0,0.0,0.0,0.0,0.0,0.0,1.0,0.0,0.0,0.0,0.0,0.0,0.0,0.0,0.0,0.0,0.0,0.0,0.0,0.0,0.0,0.0,0.0,0.0,0.0,0.0,0.0,0.0,0.0,0.0,0.0,0.0
0.0,0.0,0.0,0.0,0.0,0.0,0.0,0.0,0.0,0.0,0.0,0.0,0.0,0.0,0.0,0.0,0.0,0.0,0.0,0.0,0.0,0.0,0.0,0.0,0.0,0.0,0.0,0.0,0.0,0.0,0.0,0.0,0.0,0.0,0.0,0.0,0.0,0.0,0.0,0.0,0.0,0.0,0.0,0.0,0.0,0.0,0.0,0.0,0.0,0.0,0.0,0.0,0.0,0.0,0.0,1.0,0.0,0.0,0.0,0.0,0.0,0.0,0.0,0.0,0.0,0.0,0.0,0.0,0.0,0.0,0.0,0.0,0.0,0.0,0.0,0.0,0.0,0.0,0.0,0.0
0.0,0.0,0.0,1.0693885864946947e-227,0.0,0.0,0.0,7.84625739853653e-229,2.4790565225968553e-228,1.0947754327588682e-227,5.164438066265637e-228,7.288047337050874e-229,0.0,1.1132048795039281e-227,1.0649786087283395e-227,0.0,9.817093348209907e-115,9.817093348209907e-115,9.817093348209907e-115,9.817093348209907e-115,9.81709334820991e-115,9.817093348209907e-115,9.817093348209907e-115,0.25,0.0,0.0,0.0,0.24999999999999994,9.817093348209907e-115,0.24999999999999994,0.24999999999999994,9.817093348209907e-115,9.817093348209907e-115,2.355275031953246e-227,2.2633144849998346e-227,2.120087105950927e-227,1.898440710198372e-227,2.2633144849998346e-227,2.120087105950927e-227,1.898440710198372e-227,0.0,0.0,4.629625218422017e-229,5.876609911271138e-229,0.0,0.0,8.184444836551707e-230,7.18447576023607e-230,9.374955891182442e-230,6.368648691677894e-229,3.101333311183267e-228,0.0,1.439386183398315e-229,4.822627077558872e-229,0.0,0.0,1.3484816746487624e-130,4.0238083843055916e-228,0.0,5.222408280361793e-228,6.46530159943482e-228,4.970294086258078e-228,0.0,1.1457188808845957e-129,4.10679386256456e-228,3.7974721619401974e-228,0.0,8.480675892212996e-129,3.422883500559658e-228,4.660806843922997e-128,0.0,0.0,0.0,5.517632817204713e-228,2.864547580978144e-228,2.21646395752555e-228,0.0,2.864547580978144e-228,2.21646395752555e-228,0.0
0.0,0.0,0.0,0.0,0.0,0.0,0.0,0.0,0.0,0.0,0.0,0.0,0.0,0.0,0.0,0.0,1.2976801591307862e-229,1.058956516638245e-115,1.058956516638245e-115,0.16666666666666669,0.16666666666666666,0.16666666666666666,0.16666666666666666,1.2976801591307862e-229,0.0,0.0,0.0,1.2976801591307862e-229,1.2976801591307862e-229,1.2976801591307862e-229,1.2976801591307862e-229,0.16666666666666666,0.16666666666666666,0.0,0.0,0.0,0.0,0.0,0.0,0.0,0.0,0.0,0.0,0.0,0.0,0.0,0.0,0.0,0.0,0.0,0.0,0.0,0.0,0.0,0.0,0.0,0.0,7.939354818404998e-132,0.0,7.560984795923636e-131,6.783590504109226e-130,3.765436018203698e-129,0.0,0.0,0.0,0.0,0.0,0.0,1.1423868004166997e-244,0.0,0.0,0.0,0.0,0.0,0.0,0.0,0.0,0.0,0.0,0.0
0.0,0.0,0.0,0.0,0.0,0.0,0.0,0.0,0.0,0.0,0.0,0.0,0.0,0.0,0.0,0.0,0.0,0.0,0.0,0.0,0.0,0.0,0.0,0.0,0.0,0.0,0.0,0.0,0.0,0.0,0.0,0.0,0.0,0.0,0.0,0.0,0.0,0.0,0.0,0.0,0.0,0.0,0.0,0.0,0.0,0.0,0.0,0.0,0.0,0.0,0.0,0.0,0.0,0.0,0.0,0.0,0.0,0.0,1.0,0.0,0.0,0.0,0.0,0.0,0.0,0.0,0.0,0.0,0.0,0.0,0.0,0.0,0.0,0.0,0.0,0.0,0.0,0.0,0.0,0.0
0.0,0.0,0.0,0.0,0.0,0.0,0.0,0.0,0.0,0.0,0.0,0.0,0.0,0.0,0.0,0.0,0.0,8.457696018133039e-232,8.457696018133039e-232,8.702918678780861e-117,0.2,0.2,0.2,0.0,0.0,0.0,0.0,0.0,0.0,0.0,0.0,0.2,0.2,0.0,0.0,0.0,0.0,0.0,0.0,0.0,0.0,0.0,0.0,0.0,0.0,0.0,0.0,0.0,0.0,0.0,0.0,0.0,0.0,0.0,0.0,0.0,0.0,4.145733751139889e-247,0.0,8.330347552403864e-133,7.766011051358637e-132,4.399681854141128e-131,0.0,0.0,0.0,0.0,0.0,0.0,0.0,0.0,0.0,0.0,0.0,0.0,0.0,0.0,0.0,0.0,0.0,0.0
0.0,0.0,0.0,0.0,0.0,0.0,0.0,0.0,0.0,0.0,0.0,0.0,0.0,0.0,0.0,0.0,0.0,0.0,0.0,4.19970511258724e-234,6.437020787264805e-118,0.25,0.25,0.0,0.0,0.0,0.0,0.0,0.0,0.0,0.0,0.25,0.25,0.0,0.0,0.0,0.0,0.0,0.0,0.0,0.0,0.0,0.0,0.0,0.0,0.0,0.0,0.0,0.0,0.0,0.0,0.0,0.0,0.0,0.0,0.0,0.0,0.0,0.0,2.681131232327841e-249,1.802872265287072e-133,1.0567458471031364e-132,0.0,0.0,0.0,0.0,0.0,0.0,0.0,0.0,0.0,0.0,0.0,0.0,0.0,0.0,0.0,0.0,0.0,0.0
0.0,0.0,0.0,0.0,0.0,0.0,0.0,0.0,0.0,0.0,0.0,0.0,0.0,0.0,0.0,0.0,0.0,0.0,0.0,0.0,1.8767620486052283e-236,4.959342689154047e-119,0.5,0.0,0.0,0.0,0.0,0.0,0.0,0.0,0.0,4.959342689154047e-119,0.5,0.0,0.0,0.0,0.0,0.0,0.0,0.0,0.0,0.0,0.0,0.0,0.0,0.0,0.0,0.0,0.0,0.0,0.0,0.0,0.0,0.0,0.0,0.0,0.0,0.0,0.0,0.0,3.576424746478752e-251,3.09045106567667e-134,0.0,0.0,0.0,0.0,0.0,0.0,0.0,0.0,0.0,0.0,0.0,0.0,0.0,0.0,0.0,0.0,0.0,0.0
0.0,0.0,0.0,0.0,0.0,0.0,0.0,0.0,0.0,0.0,0.0,0.0,0.0,0.0,0.0,0.0,0.0,0.0,0.0,0.0,0.0,0.0,0.0,0.0,0.0,0.0,0.0,0.0,0.0,0.0,0.0,0.0,0.0,0.0,0.0,0.0,0.0,0.0,0.0,0.0,0.0,0.0,0.0,0.0,0.0,0.0,0.0,0.0,0.0,0.0,0.0,0.0,0.0,0.0,0.0,0.0,0.0,0.0,0.0,0.0,0.0,0.0,1.0,0.0,0.0,0.0,0.0,0.0,0.0,0.0,0.0,0.0,0.0,0.0,0.0,0.0,0.0,0.0,0.0,0.0
0.0,0.0,0.0,0.0,0.0,0.0,0.0,0.0,0.0,0.0,0.0,0.0,0.0,0.0,0.0,0.0,1.2976801591307862e-229,1.2976801591307862e-229,1.2976801591307862e-229,1.2976801591307864e-229,1.2976801591307864e-229,1.2976801591307864e-229,1.2976801591307864e-229,2.11791303327649e-115,0.0,0.0,0.0,0.3333333333333333,1.2976801591307862e-229,0.3333333333333333,0.3333333333333333,1.2976801591307864e-229,1.2976801591307864e-229,0.0,0.0,0.0,0.0,0.0,0.0,0.0,0.0,0.0,0.0,0.0,0.0,0.0,0.0,0.0,0.0,0.0,0.0,0.0,0.0,0.0,0.0,0.0,1.1423868352841512e-244,0.0,0.0,0.0,0.0,0.0,0.0,1.5878709636809993e-131,0.0,0.0,0.0,1.2125343498652495e-130,0.0,6.799469215088676e-130,0.0,0.0,0.0,0.0,0.0,0.0,0.0,0.0,0.0,0.0
0.0,0.0,0.0,1.5316978611547257e-227,0.0,0.0,0.0,1.1238286838172647e-228,6.073341771714071e-116,7.090059706953448e-115,5.622703974268638e-228,1.0438755996309531e-228,0.0,7.454641491413224e-115,7.454641491413224e-115,0.0,2.4635521323609266e-227,2.40226917821544e-227,2.40226917821544e-227,2.3062133762713482e-227,2.1566110391205804e-227,1.9251028493810722e-227,1.569152312926254e-227,2.4022691782154396e-227,0.0,0.0,0.0,2.306213376271348e-227,2.4635521323609266e-227,2.15661103912058e-227,1.9251028493810715e-227,1.9251028493810722e-227,1.569152312926254e-227,0.14285714285714288,0.14285714285714285,0.14285714285714285,0.14285714285714285,0.14285714285714285,0.14285714285714285,0.14285714285714285,0.0,0.0,6.631066699756819e-229,8.417137554683747e-229,0.0,0.0,1.172267668572825e-229,1.0290409206202167e-229,1.3427859683835563e-229,9.12189049208518e-229,4.4420762101437336e-228,0.0,2.06164977476857e-229,6.907505534601334e-229,0.0,0.0,2.4513181658194745e-228,5.763348116645473e-228,0.0,7.480116857538412e-228,9.260327589580332e-228,7.119010729096362e-228,0.0,2.8816740583227363e-228,7.7056095694215e-131,5.43916408094865e-228,0.0,2.9920467430153655e-228,4.902636331638949e-228,2.315081897395083e-228,0.0,0.0,0.0,7.540575706483601e-130,2.791471330414014e-129,1.534384933308693e-128,0.0,2.791471330414014e-129,1.534384933308693e-128,0.0
0.0,5.1674987471536375e-228,5.431111392978524e-227,3.191774716853881e-114,6.093299411495216e-228,6.2241125656428e-227,0.0,3.723410595647388e-115,1.1652428786157003e-114,5.091360445740845e-114,2.391945462480004e-114,3.5568031731029324e-115,0.0,5.2297463492627445e-114,5.0858067246084124e-114,0.0,0.07142857142857142,0.07142857142857142,0.07142857142857142,0.07142857142857142,0.07142857142857142,0.07142857142857142,0.07142857142857142,0.07142857142857142,0.0,0.0,0.0,0.07142857142857142,0.07142857142857142,0.07142857142857142,0.07142857142857142,0.07142857142857142,0.07142857142857142,1.1005668641442032e-113,1.0731196524925377e-113,1.0303709703967223e-113,9.642167799575198e-114,1.0731196524925377e-113,1.0303709703967223e-113,9.642167799575198e-114,0.0,2.6379240038620634e-229,1.381791512204608e-115,1.7539756055458145e-115,6.082961123532733e-236,6.176103316132133e-235,2.4427887515068998e-116,2.1443307301919496e-116,2.7981173132938535e-116,1.9008330677300433e-115,9.256464278918682e-115,0.0,4.296096373179627e-116,1.4393962465433228e-115,0.0,0.0,5.108093144903149e-115,1.200975027102877e-114,0.0,1.5587178431528953e-114,1.9296807954004242e-114,1.4834700126370793e-114,0.0,6.004875135514385e-115,1.2257434746737204e-114,1.1334210770069096e-114,0.0,6.234871372611583e-115,1.0216186289806298e-114,4.8242019885010615e-115,0.0,0.0,0.0,1.6468326990999376e-114,8.54973641916305e-115,6.615419043920235e-115,0.0,8.54973641916305e-115,6.615419043920235e-115,0.0
0.0,0.0,0.0,0.0,0.0,0.0,0.0,0.0,0.0,0.0,0.0,0.0,0.0,0.0,0.0,0.0,0.0,0.0,0.0,0.0,0.0,0.0,0.0,0.0,0.0,0.0,0.0,0.0,0.0,0.0,0.0,0.0,0.0,0.0,0.0,0.0,0.0,0.0,0.0,0.0,0.0,0.0,0.0,0.0,0.0,0.0,0.0,0.0,0.0,0.0,0.0,0.0,0.0,0.0,0.0,0.0,0.0,0.0,0.0,0.0,0.0,0.0,0.0,0.0,0.0,0.0,1.0,0.0,0.0,0.0,0.0,0.0,0.0,0.0,0.0,0.0,0.0,0.0,0.0,0.0
0.0,0.0,0.0,0.0,0.0,0.0,0.0,0.0,0.0,0.0,0.0,0.0,0.0,0.0,0.0,0.0,0.0,0.0,0.0,0.0,0.0,0.0,0.0,1.691539203626608e-231,0.0,0.0,0.0,1.7405837357561722e-116,0.0,0.5,0.5,0.0,0.0,0.0,0.0,0.0,0.0,0.0,0.0,0.0,0.0,0.0,0.0,0.0,0.0,0.0,0.0,0.0,0.0,0.0,0.0,0.0,0.0,0.0,0.0,0.0,0.0,0.0,0.0,0.0,0.0,0.0,0.0,8.291467597452752e-247,0.0,0.0,0.0,2.082586888100966e-132,0.0,1.2089320461115695e-131,0.0,0.0,0.0,0.0,0.0,0.0,0.0,0.0,0.0,0.0
0.0,0.0,0.0,1.0693885864946947e-227,0.0,0.0,0.0,7.84625739853653e-229,2.4790565225968553e-228,1.0947754327588682e-227,5.164438066265637e-228,7.288047337050874e-229,0.0,1.1132048795039281e-227,1.0649786087283395e-227,0.0,9.817093348209907e-115,0.125,0.125,0.12499999999999997,0.125,0.125,0.125,9.817093348209907e-115,0.0,0.0,0.0,9.817093348209907e-115,9.817093348209907e-115,9.817093348209907e-115,9.817093348209907e-115,0.125,0.125,2.355275031953246e-227,2.2633144849998346e-227,2.120087105950927e-227,1.898440710198372e-227,2.2633144849998346e-227,2.120087105950927e-227,1.898440710198372e-227,0.0,0.0,4.629625218422017e-229,5.876609911271138e-229,0.0,0.0,8.184444836551707e-230,7.18447576023607e-230,9.374955891182442e-230,6.368648691677894e-229,3.101333311183267e-228,0.0,1.439386183398315e-229,4.822627077558872e-229,0.0,0.0,1.711441750279829e-228,1.1397643647707918e-129,0.0,1.0543877155935806e-128,9.270498578400482e-128,5.04373229792874e-127,0.0,2.011904192152796e-228,4.10679386256456e-228,3.7974721619401974e-228,0.0,2.0889633121447172e-228,1.3484816746487624e-130,1.616325399858706e-228,0.0,0.0,0.0,5.517632817204713e-228,2.864547580978144e-228,2.21646395752555e-228,0.0,2.864547580978144e-228,2.21646395752555e-228,0.0
0.0,0.0,0.0,0.0,0.0,0.0,0.0,0.0,0.0,0.0,0.0,0.0,0.0,0.0,0.0,0.0,0.0,0.0,0.0,0.0,0.0,0.0,0.0,0.0,0.0,0.0,0.0,8.399410225174481e-234,0.0,1.609255196816201e-117,1.0,0.0,0.0,0.0,0.0,0.0,0.0,0.0,0.0,0.0,0.0,0.0,0.0,0.0,0.0,0.0,0.0,0.0,0.0,0.0,0.0,0.0,0.0,0.0,0.0,0.0,0.0,0.0,0.0,0.0,0.0,0.0,0.0,0.0,0.0,0.0,0.0,6.702827973654786e-249,0.0,3.605744530574144e-133,0.0,0.0,0.0,0.0,0.0,0.0,0.0,0.0,0.0,0.0
0.0,0.0,0.0,0.0,0.0,0.0,0.0,0.0,0.0,0.0,0.0,0.0,0.0,0.0,0.0,0.0,0.0,0.0,0.0,0.0,0.0,0.0,0.0,0.0,0.0,0.0,0.0,0.0,0.0,0.0,0.0,0.0,0.0,0.0,0.0,0.0,0.0,0.0,0.0,0.0,0.0,0.0,0.0,0.0,0.0,0.0,0.0,0.0,0.0,0.0,0.0,0.0,0.0,0.0,0.0,0.0,0.0,0.0,0.0,0.0,0.0,0.0,0.0,0.0,0.0,0.0,0.0,0.0,0.0,0.0,1.0,0.0,0.0,0.0,0.0,0.0,0.0,0.0,0.0,0.0
0.0,0.0,0.0,0.0,0.0,0.0,0.0,0.0,0.0,0.0,0.0,0.0,0.0,0.0,0.0,0.0,0.0,0.0,0.0,0.0,0.0,0.0,0.0,0.0,0.0,0.0,0.0,0.0,0.0,0.0,0.0,0.0,0.0,0.0,0.0,0.0,0.0,0.0,0.0,0.0,0.0,0.0,0.0,0.0,0.0,0.0,0.0,0.0,0.0,0.0,0.0,0.0,0.0,0.0,0.0,0.0,0.0,0.0,0.0,0.0,0.0,0.0,0.0,0.0,0.0,0.0,0.0,0.0,0.0,0.0,0.0,1.0,0.0,0.0,0.0,0.0,0.0,0.0,0.0,0.0
0.0,0.0,0.0,0.0,0.0,0.0,0.0,0.0,0.0,0.0,0.0,0.0,0.0,0.0,0.0,0.0,0.0,0.0,0.0,0.0,0.0,0.0,0.0,0.0,0.0,0.0,0.0,0.0,0.0,0.0,0.0,0.0,0.0,0.0,0.0,0.0,0.0,0.0,0.0,0.0,0.0,0.0,0.0,0.0,0.0,0.0,0.0,0.0,0.0,0.0,0.0,0.0,0.0,0.0,0.0,0.0,0.0,0.0,0.0,0.0,0.0,0.0,0.0,0.0,0.0,0.0,0.0,0.0,0.0,0.0,0.0,0.0,1.0,0.0,0.0,0.0,0.0,0.0,0.0,0.0
0.0,0.0,0.0,0.0,0.0,0.0,0.0,0.0,7.882994380823733e-231,9.35328136942963e-230,0.0,0.0,0.0,9.829161061233384e-230,9.829161061233384e-230,0.0,0.0,0.0,0.0,0.0,0.0,0.0,0.0,0.0,0.0,0.0,0.0,0.0,0.0,0.0,0.0,0.0,0.0,1.210236019015137e-115,0.16666666666666666,0.16666666666666666,0.16666666666666666,0.16666666666666666,0.16666666666666666,0.16666666666666666,0.0,0.0,0.0,0.0,0.0,0.0,0.0,0.0,0.0,0.0,0.0,0.0,0.0,0.0,0.0,0.0,0.0,0.0,0.0,0.0,0.0,0.0,0.0,0.0,6.52792507191616e-245,0.0,0.0,0.0,0.0,0.0,0.0,0.0,0.0,1.5878709636809993e-131,6.062671749326248e-131,3.399734607544338e-130,0.0,6.062671749326248e-131,3.399734607544338e-130,0.0
0.0,0.0,0.0,0.0,0.0,0.0,0.0,0.0,0.0,0.0,0.0,0.0,0.0,0.0,0.0,0.0,0.0,0.0,0.0,0.0,0.0,0.0,0.0,0.0,0.0,0.0,0.0,0.0,0.0,0.0,0.0,0.0,0.0,9.66593830643776e-232,8.702918678780861e-117,0.5,0.5,8.702918678780861e-117,8.702918678780861e-117,8.702918678780861e-117,0.0,0.0,0.0,0.0,0.0,0.0,0.0,0.0,0.0,0.0,0.0,0.0,0.0,0.0,0.0,0.0,0.0,0.0,0.0,0.0,0.0,0.0,0.0,0.0,0.0,0.0,0.0,0.0,0.0,0.0,0.0,0.0,0.0,8.291467597452752e-247,2.082586888100966e-132,1.2089320461115695e-131,0.0,3.1657775507641786e-246,1.7752613090893892e-245,0.0
0.0,0.0,0.0,0.0,0.0,0.0,0.0,0.0,0.0,0.0,0.0,0.0,0.0,0.0,0.0,0.0,0.0,0.0,0.0,0.0,0.0,0.0,0.0,0.0,0.0,0.0,0.0,0.0,0.0,0.0,0.0,0.0,0.0,0.0,4.1997051125872404e-234,1.609255196816201e-117,1.0,4.1997051125872404e-234,4.1997051125872404e-234,4.1997051125872404e-234,0.0,0.0,0.0,0.0,0.0,0.0,0.0,0.0,0.0,0.0,0.0,0.0,0.0,0.0,0.0,0.0,0.0,0.0,0.0,0.0,0.0,0.0,0.0,0.0,0.0,0.0,0.0,0.0,0.0,0.0,0.0,0.0,0.0,0.0,6.702827973654786e-249,3.605744530574144e-133,0.0,0.0,0.0,0.0
0.0,0.0,0.0,0.0,0.0,0.0,0.0,0.0,0.0,0.0,0.0,0.0,0.0,0.0,0.0,0.0,0.0,0.0,0.0,0.0,0.0,0.0,0.0,0.0,0.0,0.0,0.0,0.0,0.0,0.0,0.0,0.0,0.0,0.0,0.0,0.0,0.0,0.0,0.0,0.0,0.0,0.0,0.0,0.0,0.0,0.0,0.0,0.0,0.0,0.0,0.0,0.0,0.0,0.0,0.0,0.0,0.0,0.0,0.0,0.0,0.0,0.0,0.0,0.0,0.0,0.0,0.0,0.0,0.0,0.0,0.0,0.0,0.0,0.0,0.0,0.0,1.0,0.0,0.0,0.0
0.0,0.0,0.0,0.0,0.0,0.0,0.0,0.0,0.0,0.0,0.0,0.0,0.0,0.0,0.0,0.0,0.0,0.0,0.0,0.0,0.0,0.0,0.0,0.0,0.0,0.0,0.0,0.0,0.0,0.0,0.0,0.0,0.0,9.66593830643776e-232,8.702918678780861e-117,8.702918678780861e-117,8.702918678780861e-117,8.702918678780861e-117,0.5,0.5,0.0,0.0,0.0,0.0,0.0,0.0,0.0,0.0,0.0,0.0,0.0,0.0,0.0,0.0,0.0,0.0,0.0,0.0,0.0,0.0,0.0,0.0,0.0,0.0,0.0,0.0,0.0,0.0,0.0,0.0,0.0,0.0,0.0,8.291467597452752e-247,3.1657775507641786e-246,1.7752613090893892e-245,0.0,2.082586888100966e-132,1.2089320461115695e-131,0.0
0.0,0.0,0.0,0.0,0.0,0.0,0.0,0.0,0.0,0.0,0.0,0.0,0.0,0.0,0.0,0.0,0.0,0.0,0.0,0.0,0.0,0.0,0.0,0.0,0.0,0.0,0.0,0.0,0.0,0.0,0.0,0.0,0.0,0.0,4.1997051125872404e-234,4.1997051125872404e-234,4.1997051125872404e-234,4.1997051125872404e-234,1.609255196816201e-117,1.0,0.0,0.0,0.0,0.0,0.0,0.0,0.0,0.0,0.0,0.0,0.0,0.0,0.0,0.0,0.0,0.0,0.0,0.0,0.0,0.0,0.0,0.0,0.0,0.0,0.0,0.0,0.0,0.0,0.0,0.0,0.0,0.0,0.0,0.0,0.0,0.0,0.0,6.702827973654786e-249,3.605744530574144e-133,0.0
0.0,0.0,0.0,0.0,0.0,0.0,0.0,0.0,0.0,0.0,0.0,0.0,0.0,0.0,0.0,0.0,0.0,0.0,0.0,0.0,0.0,0.0,0.0,0.0,0.0,0.0,0.0,0.0,0.0,0.0,0.0,0.0,0.0,0.0,0.0,0.0,0.0,0.0,0.0,0.0,0.0,0.0,0.0,0.0,0.0,0.0,0.0,0.0,0.0,0.0,0.0,0.0,0.0,0.0,0.0,0.0,0.0,0.0,0.0,0.0,0.0,0.0,0.0,0.0,0.0,0.0,0.0,0.0,0.0,0.0,0.0,0.0,0.0,0.0,0.0,0.0,0.0,0.0,0.0,1.0
